TimeStamp;flow-removed
11:27:38;1
11:27:40;1
11:27:41;1
11:27:42;1
11:27:42;1
11:27:44;1
11:27:44;1
11:27:46;1
11:27:46;1
11:27:47;1
11:27:48;1
11:27:50;1
11:27:50;1
11:27:51;1
11:27:51;1
11:27:51;1
11:27:51;1
11:27:52;1
11:27:52;1
11:27:52;1
11:27:54;1
11:27:55;1
11:27:55;1
11:27:55;1
11:27:55;1
11:27:55;1
11:27:56;1
11:27:56;1
11:27:56;1
11:27:56;1
11:27:56;1
11:27:57;1
11:27:57;1
11:27:57;1
11:27:57;1
11:27:57;1
11:27:57;1
11:27:57;1
11:27:57;1
11:27:57;1
11:27:57;1
11:27:57;1
11:27:57;1
11:27:57;1
11:27:58;1
11:27:58;1
11:27:58;1
11:27:59;1
11:27:59;1
11:27:59;1
11:27:59;1
11:27:59;1
11:27:59;1
11:28:0;1
11:28:0;1
11:28:0;1
11:28:1;1
11:28:1;1
11:28:2;1
11:28:2;1
11:28:3;1
11:28:3;1
11:28:3;1
11:28:4;1
11:28:4;1
11:28:4;1
11:28:5;1
11:28:5;1
11:28:6;1
11:28:7;1
11:28:7;1
11:28:7;1
11:28:7;1
11:28:7;1
11:28:7;1
11:28:7;1
11:28:8;1
11:28:8;1
11:28:8;1
11:28:8;1
11:28:8;1
11:28:9;1
11:28:10;1
11:28:10;1
11:28:10;1
11:28:10;1
11:28:11;1
11:28:11;1
11:28:11;1
11:28:12;1
11:28:12;1
11:28:12;1
11:28:13;1
11:28:13;1
11:28:13;1
11:28:14;1
11:28:15;1
11:28:15;1
11:28:15;1
11:28:15;1
11:28:15;1
11:28:16;1
11:28:16;1
11:28:16;1
11:28:16;1
11:28:17;1
11:28:17;1
11:28:17;1
11:28:17;1
11:28:17;1
11:28:17;1
11:28:17;1
11:28:17;1
11:28:17;1
11:28:18;1
11:28:18;1
11:28:18;1
11:28:18;1
11:28:18;1
11:28:18;1
11:28:18;1
11:28:18;1
11:28:19;1
11:28:19;1
11:28:19;1
11:28:19;1
11:28:19;1
11:28:19;1
11:28:19;1
11:28:19;1
11:28:20;1
11:28:20;1
11:28:21;1
11:28:21;1
11:28:21;1
11:28:21;1
11:28:22;1
11:28:22;1
11:28:22;1
11:28:22;1
11:28:22;1
11:28:22;1
11:28:23;1
11:28:23;1
11:28:23;1
11:28:23;1
11:28:23;1
11:28:23;1
11:28:24;1
11:28:24;1
11:28:24;1
11:28:24;1
11:28:24;1
11:28:24;1
11:28:24;1
11:28:24;1
11:28:24;1
11:28:24;1
11:28:24;1
11:28:24;1
11:28:24;1
11:28:24;1
11:28:24;1
11:28:24;1
11:28:24;1
11:28:24;1
11:28:25;1
11:28:25;1
11:28:26;1
11:28:26;1
11:28:26;1
11:28:27;1
11:28:27;1
11:28:28;1
11:28:28;1
11:28:28;1
11:28:28;1
11:28:28;1
11:28:28;1
11:28:29;1
11:28:29;1
11:28:29;1
11:28:29;1
11:28:29;1
11:28:29;1
11:28:29;1
11:28:29;1
11:28:29;1
11:28:29;1
11:28:30;1
11:28:30;1
11:28:30;1
11:28:30;1
11:28:30;1
11:28:30;1
11:28:31;1
11:28:31;1
11:28:31;1
11:28:31;1
11:28:32;1
11:28:32;1
11:28:32;1
11:28:32;1
11:28:32;1
11:28:32;1
11:28:32;1
11:28:32;1
11:28:32;1
11:28:33;1
11:28:33;1
11:28:33;1
11:28:33;1
11:28:33;1
11:28:33;1
11:28:33;1
11:28:33;1
11:28:33;1
11:28:33;1
11:28:34;1
11:28:34;1
11:28:34;1
11:28:34;1
11:28:34;1
11:28:35;1
11:28:35;1
11:28:35;1
11:28:35;1
11:28:36;1
11:28:36;1
11:28:36;1
11:28:36;1
11:28:36;1
11:28:36;1
11:28:36;1
11:28:36;1
11:28:36;1
11:28:36;1
11:28:36;1
11:28:36;1
11:28:37;1
11:28:37;1
11:28:37;1
11:28:39;1
11:28:39;1
11:28:39;1
11:28:39;1
11:28:39;1
11:28:39;1
11:28:39;1
11:28:39;1
11:28:39;1
11:28:39;1
11:28:39;1
11:28:39;1
11:28:39;1
11:28:39;1
11:28:40;1
11:28:40;1
11:28:40;1
11:28:40;1
11:28:40;1
11:28:40;1
11:28:40;1
11:28:40;1
11:28:40;1
11:28:40;1
11:28:40;1
11:28:40;1
11:28:40;1
11:28:41;1
11:28:41;1
11:28:41;1
11:28:41;1
11:28:41;1
11:28:41;1
11:28:41;1
11:28:41;1
11:28:41;1
11:28:41;1
11:28:42;1
11:28:42;1
11:28:42;1
11:28:42;1
11:28:42;1
11:28:42;1
11:28:42;1
11:28:42;1
11:28:43;1
11:28:43;1
11:28:43;1
11:28:43;1
11:28:43;1
11:28:43;1
11:28:43;1
11:28:43;1
11:28:43;1
11:28:43;1
11:28:44;1
11:28:44;1
11:28:44;1
11:28:44;1
11:28:46;1
11:28:46;1
11:28:46;1
11:28:46;1
11:28:46;1
11:28:46;1
11:28:46;1
11:28:46;1
11:28:46;1
11:28:46;1
11:28:46;1
11:28:46;1
11:28:47;1
11:28:47;1
11:28:47;1
11:28:47;1
11:28:47;1
11:28:47;1
11:28:47;1
11:28:47;1
11:28:48;1
11:28:48;1
11:28:48;1
11:28:48;1
11:28:48;1
11:28:48;1
11:28:48;1
11:28:48;1
11:28:48;1
11:28:48;1
11:28:48;1
11:28:48;1
11:28:48;1
11:28:48;1
11:28:48;1
11:28:48;1
11:28:48;1
11:28:48;1
11:28:48;1
11:28:48;1
11:28:48;1
11:28:48;1
11:28:48;1
11:28:48;1
11:28:48;1
11:28:48;1
11:28:48;1
11:28:48;1
11:28:48;1
11:28:48;1
11:28:48;1
11:28:48;1
11:28:48;1
11:28:49;1
11:28:49;1
11:28:49;1
11:28:49;1
11:28:49;1
11:28:49;1
11:28:49;1
11:28:49;1
11:28:49;1
11:28:49;1
11:28:49;1
11:28:49;1
11:28:50;1
11:28:50;1
11:28:50;1
11:28:50;1
11:28:50;1
11:28:50;1
11:28:50;1
11:28:50;1
11:28:51;1
11:28:51;1
11:28:51;1
11:28:51;1
11:28:51;1
11:28:51;1
11:28:51;1
11:28:51;1
11:28:51;1
11:28:52;1
11:28:52;11:28:52;1
11:28:52;1
11:28:52;1
11:28:52;1
11:28:52;1
11:28:52;1
11:28:52;1
11:28:52;1
11:28:53;1
11:28:53;1
11:28:53;1
11:28:53;1
11:28:53;1
11:28:53;1
11:28:53;1
11:28:53;1
11:28:54;1
11:28:54;1
11:28:54;1
11:28:54;1
11:28:54;1
11:28:54;1
11:28:54;1
11:28:54;1
11:28:54;1
11:28:54;1
11:28:55;1
11:28:55;1
11:28:55;1
11:28:55;1
11:28:55;1
11:28:55;1
11:28:55;1
11:28:55;1
11:28:56;1
11:28:56;1
11:28:56;1
11:28:56;1
11:28:56;1
11:28:56;1
11:28:56;1
11:28:57;1
11:28:58;1
11:28:58;1
11:28:58;1
11:28:58;1
11:28:58;1
11:28:58;1
11:28:58;1
11:28:58;1
11:28:58;1
11:28:58;1
11:28:59;1
11:28:59;1
11:28:59;1
11:28:59;1
11:28:59;1
11:28:59;1
11:28:59;1
11:28:59;1
11:28:59;1
11:28:59;1
11:28:59;1
11:28:59;1
11:28:59;1
11:28:59;1
11:28:59;1
11:29:0;1
11:29:0;1
11:29:0;1
11:29:0;1
11:29:0;1
11:29:0;1
11:29:0;1
11:29:0;1
11:29:1;1
11:29:1;1
11:29:1;1
11:29:1;1
11:29:1;1
11:29:1;1
11:29:1;1
11:29:1;1
11:29:2;1
11:29:2;1
11:29:2;1
11:29:2;1
11:29:2;1
11:29:2;1
11:29:2;1
11:29:2;1
11:29:2;1
11:29:2;1
11:29:3;1
11:29:3;1
11:29:3;1
11:29:3;1
11:29:3;1
11:29:3;1
11:29:3;1
11:29:4;1
11:29:4;1
11:29:4;1
11:29:4;1
11:29:4;1
11:29:4;1
11:29:4;1
11:29:4;1
11:29:4;1
11:29:5;1
11:29:5;1
11:29:5;1
11:29:5;1
11:29:5;1
11:29:5;1
11:29:5;1
11:29:5;1
11:29:6;1
11:29:6;1
11:29:6;1
11:29:6;1
11:29:6;1
11:29:6;1
11:29:6;1
11:29:6;1
11:29:6;1
11:29:6;1
11:29:7;1
11:29:7;1
11:29:7;1
11:29:7;1
11:29:7;1
11:29:7;1
11:29:7;1
11:29:7;1
11:29:8;1
11:29:8;1
11:29:8;1
11:29:8;1
11:29:8;1
11:29:9;1
11:29:9;1
11:29:9;1
11:29:9;1
11:29:9;1
11:29:9;1
11:29:9;1
11:29:9;1
11:29:9;1
11:29:9;1
11:29:9;1
11:29:9;1
11:29:9;1
11:29:9;1
11:29:9;1
11:29:9;1
11:29:9;1
11:29:10;1
11:29:10;1
11:29:10;1
11:29:10;1
11:29:10;1
11:29:10;1
11:29:11;1
11:29:11;1
11:29:11;1
11:29:11;1
11:29:11;1
11:29:11;1
11:29:11;1
11:29:11;1
11:29:11;1
11:29:11;1
11:29:11;1
11:29:11;1
11:29:12;1
11:29:12;1
11:29:12;1
11:29:12;1
11:29:12;1
11:29:12;1
11:29:12;1
11:29:12;1
11:29:12;1
11:29:12;1
11:29:12;1
11:29:12;1
11:29:12;1
11:29:13;1
11:29:13;1
11:29:13;1
11:29:13;1
11:29:13;1
11:29:13;1
11:29:13;1
11:29:13;1
11:29:13;1
11:29:14;1
11:29:14;1
11:29:14;1
11:29:14;1
11:29:14;1
11:29:14;1
11:29:14;1
11:29:14;1
11:29:15;1
11:29:15;1
11:29:15;1
11:29:15;1
11:29:15;1
11:29:15;1
11:29:16;1
11:29:16;1
11:29:16;1
11:29:16;1
11:29:16;1
11:29:16;1
11:29:16;1
11:29:16;1
11:29:16;1
11:29:16;1
11:29:16;1
11:29:16;1
11:29:17;1
11:29:17;1
11:29:17;1
11:29:17;1
11:29:17;1
11:29:17;1
11:29:17;1
11:29:17;1
11:29:17;1
11:29:17;1
11:29:17;1
11:29:18;1
11:29:18;1
11:29:18;1
11:29:18;1
11:29:18;1
11:29:18;1
11:29:18;1
11:29:18;1
11:29:18;1
11:29:18;1
11:29:18;1
11:29:18;1
11:29:19;1
11:29:19;1
11:29:19;1
11:29:19;1
11:29:19;1
11:29:19;1
11:29:19;1
11:29:19;1
11:29:20;1
11:29:20;1
11:29:20;1
11:29:20;1
11:29:20;1
11:29:20;1
11:29:20;1
11:29:20;1
11:29:20;1
11:29:20;1
11:29:20;1
11:29:20;1
11:29:20;1
11:29:20;1
11:29:20;1
11:29:20;1
11:29:20;1
11:29:20;1
11:29:20;1
11:29:20;1
11:29:20;1
11:29:20;1
11:29:20;1
11:29:20;1
11:29:20;1
11:29:20;1
11:29:20;1
11:29:20;1
11:29:20;1
11:29:20;1
11:29:20;1
11:29:20;1
11:29:20;1
11:29:21;1
11:29:21;1
11:29:21;1
11:29:21;1
11:29:21;1
11:29:21;1
11:29:21;1
11:29:21;1
11:29:21;1
11:29:21;1
11:29:22;1
11:29:22;1
11:29:22;1
11:29:22;1
11:29:22;1
11:29:22;1
11:29:22;1
11:29:22;1
11:29:22;1
11:29:22;1
11:29:22;1
11:29:22;1
11:29:22;1
11:29:22;1
11:29:22;1
11:29:22;1
11:29:22;1
11:29:23;1
11:29:23;1
11:29:23;1
11:29:23;1
11:29:23;1
11:29:23;1
11:29:23;1
11:29:23;1
11:29:23;1
11:29:23;1
11:29:23;1
11:29:23;1
11:29:23;1
11:29:23;1
11:29:23;1
11:29:23;1
11:29:23;1
11:29:23;1
11:29:23;1
11:29:24;1
11:29:24;1
11:29:24;1
11:29:24;1
11:29:24;1
11:29:25;1
11:29:25;1
11:29:25;1
11:29:25;1
11:29:25;1
11:29:25;1
11:29:25;1
11:29:25;1
11:29:25;1
11:29:25;1
11:29:25;1
11:29:26;1
11:29:26;1
11:29:26;1
11:29:26;1
11:29:26;1
11:29:26;1
11:29:26;1
11:29:26;1
11:29:26;1
11:29:27;1
11:29:27;1
11:29:27;1
11:29:27;1
11:29:28;1
11:29:28;1
11:29:28;1
11:29:28;1
11:29:28;1
11:29:28;1
11:29:28;1
11:29:29;1
11:29:29;1
11:29:29;1
11:29:29;1
11:29:29;1
11:29:29;1
11:29:29;1
11:29:29;1
11:29:29;1
11:29:29;1
11:29:29;1
11:29:30;1
11:29:30;1
11:29:30;1
11:29:30;1
11:29:30;1
11:29:30;1
11:29:30;1
11:29:30;1
11:29:30;1
11:29:30;1
11:29:30;1
11:29:30;1
11:29:30;1
11:29:30;1
11:29:30;1
11:29:30;1
11:29:30;1
11:29:30;1
11:29:30;1
11:29:30;1
11:29:30;1
11:29:30;1
11:29:30;1
11:29:30;1
11:29:32;1
11:29:32;1
11:29:32;1
11:29:32;1
11:29:32;1
11:29:32;1
11:29:32;1
11:29:32;1
11:29:32;1
11:29:32;1
11:29:32;1
11:29:32;1
11:29:32;1
11:29:32;1
11:29:32;1
11:29:32;1
11:29:32;1
11:29:32;1
11:29:32;1
11:29:32;1
11:29:32;1
11:29:32;1
11:29:32;1
11:29:32;1
11:29:32;1
11:29:32;1
11:29:32;1
11:29:32;1
11:29:32;1
11:29:32;1
11:29:32;1
11:29:32;1
11:29:32;1
11:29:33;1
11:29:33;1
11:29:33;1
11:29:33;1
11:29:33;1
11:29:33;1
11:29:33;1
11:29:33;1
11:29:33;1
11:29:33;1
11:29:33;1
11:29:33;1
11:29:33;1
11:29:33;1
11:29:33;1
11:29:33;1
11:29:33;1
11:29:34;1
11:29:34;1
11:29:34;1
11:29:34;1
11:29:34;1
11:29:34;1
11:29:34;1
11:29:34;1
11:29:34;1
11:29:34;1
11:29:34;1
11:29:34;1
11:29:34;1
11:29:34;1
11:29:34;1
11:29:34;1
11:29:36;1
11:29:36;1
11:29:36;1
11:29:36;1
11:29:36;1
11:29:36;1
11:29:36;1
11:29:36;1
11:29:36;1
11:29:36;1
11:29:36;1
11:29:36;1
11:29:37;1
11:29:37;1
11:29:37;1
11:29:37;1
11:29:37;1
11:29:37;1
11:29:37;1
11:29:38;1
11:29:38;1
11:29:38;1
11:29:38;1
11:29:38;1
11:29:38;1
11:29:38;1
11:29:38;1
11:29:38;1
11:29:38;1
11:29:38;1
11:29:38;1
11:29:39;1
11:29:39;1
11:29:39;1
11:29:39;1
11:29:39;1
11:29:39;1
11:29:39;1
11:29:39;1
11:29:39;1
11:29:39;1
11:29:39;1
11:29:39;1
11:29:39;1
11:29:39;1
11:29:39;1
11:29:39;1
11:29:39;1
11:29:39;1
11:29:40;1
11:29:40;1
11:29:40;1
11:29:40;1
11:29:40;1
11:29:40;1
11:29:40;1
11:29:40;1
11:29:40;1
11:29:40;1
11:29:40;1
11:29:40;1
11:29:40;1
11:29:40;1
11:29:40;1
11:29:40;1
11:29:40;1
11:29:40;1
11:29:40;1
11:29:40;1
11:29:40;1
11:29:41;1
11:29:41;1
11:29:41;1
11:29:41;1
11:29:41;1
11:29:41;1
11:29:41;1
11:29:41;1
11:29:41;1
11:29:41;1
11:29:41;1
11:29:41;1
11:29:41;1
11:29:41;1
11:29:41;1
11:29:41;1
11:29:41;1
11:29:41;1
11:29:41;1
11:29:41;1
11:29:41;1
11:29:41;1
11:29:41;1
11:29:41;1
11:29:41;1
11:29:41;1
11:29:41;1
11:29:41;1
11:29:41;1
11:29:41;1
11:29:41;1
11:29:41;1
11:29:41;1
11:29:41;1
11:29:41;1
11:29:41;1
11:29:41;1
11:29:41;1
11:29:41;1
11:29:41;1
11:29:41;1
11:29:41;1
11:29:41;1
11:29:41;1
11:29:41;1
11:29:41;1
11:29:41;1
11:29:41;1
11:29:41;1
11:29:41;1
11:29:41;1
11:29:41;1
11:29:41;1
11:29:41;1
11:29:41;1
11:29:41;1
11:29:41;1
11:29:41;1
11:29:41;1
11:29:41;1
11:29:41;1
11:29:41;1
11:29:41;1
11:29:41;1
11:29:41;1
11:29:41;1
11:29:41;1
11:29:41;1
11:29:41;1
11:29:41;1
11:29:41;1
11:29:41;1
11:29:41;1
11:29:41;1
11:29:41;1
11:29:41;1
11:29:41;1
11:29:42;1
11:29:42;1
11:29:42;1
11:29:42;1
11:29:42;1
11:29:42;1
11:29:42;1
11:29:42;1
11:29:42;1
11:29:42;1
11:29:42;1
11:29:42;1
11:29:42;1
11:29:42;1
11:29:42;1
11:29:42;1
11:29:42;1
11:29:42;1
11:29:43;1
11:29:43;1
11:29:43;1
11:29:43;1
11:29:43;1
11:29:43;1
11:29:43;1
11:29:43;1
11:29:43;1
11:29:43;1
11:29:43;1
11:29:43;1
11:29:43;1
11:29:43;1
11:29:43;1
11:29:43;1
11:29:43;1
11:29:43;1
11:29:43;1
11:29:44;1
11:29:44;1
11:29:44;1
11:29:44;1
11:29:44;1
11:29:44;1
11:29:44;1
11:29:44;1
11:29:44;1
11:29:44;1
11:29:44;1
11:29:44;1
11:29:44;1
11:29:44;1
11:29:44;1
11:29:45;1
11:29:45;1
11:29:45;1
11:29:45;1
11:29:45;1
11:29:45;1
11:29:45;1
11:29:45;1
11:29:45;1
11:29:46;1
11:29:46;1
11:29:46;1
11:29:46;1
11:29:46;1
11:29:46;1
11:29:46;1
11:29:46;1
11:29:46;1
11:29:46;1
11:29:46;1
11:29:46;1
11:29:46;1
11:29:46;1
11:29:46;1
11:29:46;1
11:29:46;1
11:29:46;1
11:29:46;1
11:29:46;1
11:29:46;1
11:29:46;1
11:29:46;1
11:29:46;1
11:29:46;1
11:29:46;1
11:29:46;1
11:29:46;1
11:29:46;1
11:29:46;1
11:29:46;1
11:29:48;1
11:29:48;1
11:29:48;1
11:29:48;1
11:29:48;1
11:29:48;1
11:29:48;1
11:29:48;1
11:29:48;1
11:29:48;1
11:29:48;1
11:29:49;1
11:29:49;1
11:29:49;1
11:29:49;1
11:29:49;1
11:29:49;1
11:29:49;1
11:29:49;1
11:29:49;1
11:29:49;1
11:29:49;1
11:29:49;1
11:29:50;1
11:29:50;1
11:29:50;1
11:29:50;1
11:29:50;1
11:29:50;1
11:29:50;1
11:29:50;1
11:29:50;1
11:29:50;1
11:29:50;1
11:29:50;1
11:29:50;1
11:29:50;1
11:29:50;1
11:29:50;1
11:29:50;1
11:29:50;1
11:29:50;1
11:29:50;1
11:29:50;1
11:29:50;1
11:29:50;1
11:29:50;1
11:29:50;1
11:29:50;1
11:29:50;1
11:29:50;1
11:29:50;1
11:29:50;1
11:29:50;1
11:29:50;1
11:29:50;1
11:29:50;1
11:29:50;1
11:29:50;1
11:29:50;1
11:29:50;1
11:29:50;1
11:29:50;1
11:29:50;1
11:29:50;1
11:29:51;1
11:29:51;1
11:29:51;1
11:29:51;1
11:29:51;1
11:29:51;1
11:29:51;1
11:29:51;1
11:29:51;1
11:29:51;1
11:29:51;1
11:29:51;1
11:29:51;1
11:29:51;1
11:29:51;1
11:29:51;1
11:29:52;1
11:29:52;1
11:29:52;1
11:29:52;1
11:29:52;1
11:29:52;1
11:29:52;1
11:29:52;1
11:29:52;1
11:29:52;1
11:29:52;1
11:29:52;1
11:29:52;1
11:29:52;1
11:29:53;1
11:29:53;1
11:29:53;1
11:29:53;1
11:29:53;1
11:29:53;1
11:29:53;1
11:29:53;1
11:29:53;1
11:29:53;1
11:29:53;1
11:29:55;1
11:29:55;1
11:29:55;1
11:29:55;1
11:29:55;1
11:29:55;1
11:29:55;1
11:29:55;1
11:29:55;1
11:29:55;1
11:29:55;1
11:29:55;1
11:29:55;1
11:29:55;1
11:29:55;1
11:29:55;1
11:29:56;1
11:29:56;1
11:29:56;1
11:29:56;1
11:29:56;1
11:29:56;1
11:29:56;1
11:29:56;1
11:29:56;1
11:29:56;1
11:29:56;1
11:29:56;1
11:29:56;1
11:29:56;1
11:29:56;1
11:29:56;1
11:29:56;1
11:29:56;1
11:29:56;1
11:29:56;1
11:29:56;1
11:29:56;1
11:29:56;1
11:29:56;1
11:29:56;1
11:29:56;1
11:29:56;1
11:29:57;1
11:29:57;1
11:29:57;1
11:29:57;1
11:29:57;1
11:29:57;1
11:29:57;1
11:29:57;1
11:29:57;1
11:29:57;1
11:29:57;1
11:29:57;1
11:29:58;1
11:29:58;1
11:29:58;1
11:29:58;1
11:29:58;1
11:29:58;1
11:29:58;1
11:29:58;1
11:29:58;1
11:29:58;1
11:29:58;1
11:29:59;1
11:29:59;1
11:29:59;1
11:29:59;1
11:29:59;1
11:29:59;1
11:29:59;1
11:29:59;1
11:29:59;1
11:29:59;1
11:29:59;1
11:29:59;1
11:29:59;1
11:29:59;1
11:29:59;1
11:29:59;1
11:30:0;1
11:30:0;1
11:30:0;1
11:30:0;1
11:30:0;1
11:30:0;1
11:30:0;1
11:30:0;1
11:30:0;1
11:30:0;1
11:30:0;1
11:30:1;1
11:30:1;1
11:30:1;1
11:30:1;1
11:30:1;1
11:30:1;1
11:30:1;1
11:30:1;1
11:30:1;1
11:30:1;1
11:30:1;1
11:30:1;1
11:30:1;1
11:30:1;1
11:30:1;1
11:30:1;1
11:30:1;1
11:30:1;1
11:30:1;1
11:30:1;1
11:30:1;1
11:30:1;1
11:30:1;1
11:30:1;1
11:30:2;1
11:30:2;1
11:30:2;1
11:30:2;1
11:30:2;1
11:30:2;1
11:30:2;1
11:30:2;1
11:30:2;1
11:30:2;1
11:30:2;1
11:30:2;1
11:30:2;1
11:30:2;1
11:30:2;1
11:30:2;1
11:30:2;1
11:30:2;1
11:30:2;1
11:30:2;1
11:30:3;1
11:30:3;1
11:30:3;1
11:30:3;1
11:30:3;1
11:30:3;1
11:30:3;1
11:30:3;1
11:30:3;1
11:30:3;1
11:30:3;1
11:30:3;1
11:30:3;1
11:30:3;1
11:30:4;1
11:30:4;1
11:30:4;1
11:30:4;1
11:30:4;1
11:30:4;1
11:30:4;1
11:30:4;1
11:30:4;1
11:30:4;1
11:30:4;1
11:30:4;1
11:30:4;1
11:30:4;1
11:30:4;1
11:30:4;1
11:30:4;1
11:30:4;1
11:30:4;1
11:30:4;1
11:30:4;1
11:30:4;1
11:30:5;1
11:30:5;1
11:30:5;1
11:30:5;1
11:30:5;1
11:30:5;1
11:30:5;1
11:30:5;1
11:30:5;1
11:30:5;1
11:30:5;1
11:30:5;1
11:30:5;1
11:30:5;1
11:30:5;1
11:30:5;1
11:30:5;1
11:30:5;1
11:30:5;1
11:30:5;1
11:30:5;1
11:30:5;1
11:30:5;1
11:30:5;1
11:30:5;1
11:30:5;1
11:30:5;1
11:30:5;1
11:30:5;1
11:30:5;1
11:30:5;1
11:30:5;1
11:30:5;1
11:30:5;1
11:30:5;1
11:30:5;1
11:30:5;1
11:30:5;1
11:30:5;1
11:30:5;1
11:30:5;1
11:30:5;1
11:30:5;1
11:30:5;1
11:30:5;1
11:30:5;1
11:30:5;1
11:30:5;1
11:30:5;1
11:30:5;1
11:30:5;1
11:30:5;1
11:30:5;1
11:30:5;1
11:30:5;1
11:30:6;1
11:30:6;1
11:30:6;1
11:30:6;1
11:30:6;1
11:30:6;1
11:30:6;1
11:30:6;1
11:30:6;1
11:30:6;1
11:30:6;1
11:30:6;1
11:30:6;1
11:30:6;1
11:30:7;1
11:30:7;1
11:30:7;1
11:30:7;1
11:30:7;1
11:30:7;1
11:30:8;1
11:30:8;1
11:30:8;1
11:30:8;1
11:30:8;1
11:30:8;1
11:30:8;1
11:30:8;1
11:30:8;1
11:30:8;1
11:30:8;1
11:30:8;1
11:30:9;1
11:30:9;1
11:30:9;1
11:30:9;1
11:30:9;1
11:30:9;1
11:30:10;1
11:30:10;1
11:30:10;1
11:30:10;1
11:30:10;1
11:30:10;1
11:30:10;1
11:30:10;1
11:30:10;1
11:30:10;1
11:30:10;1
11:30:10;1
11:30:10;1
11:30:10;1
11:30:10;1
11:30:10;1
11:30:11;1
11:30:11;1
11:30:11;1
11:30:11;1
11:30:11;1
11:30:11;1
11:30:11;1
11:30:11;1
11:30:11;1
11:30:11;1
11:30:12;1
11:30:12;1
11:30:12;1
11:30:12;1
11:30:12;1
11:30:12;1
11:30:12;1
11:30:12;1
11:30:12;1
11:30:12;1
11:30:12;1
11:30:12;1
11:30:12;1
11:30:12;1
11:30:12;1
11:30:12;1
11:30:12;1
11:30:12;1
11:30:12;1
11:30:12;1
11:30:13;1
11:30:13;1
11:30:13;1
11:30:13;1
11:30:13;1
11:30:13;1
11:30:13;1
11:30:13;1
11:30:13;1
11:30:13;1
11:30:13;1
11:30:13;1
11:30:14;1
11:30:14;1
11:30:14;1
11:30:14;1
11:30:14;1
11:30:15;1
11:30:15;1
11:30:15;1
11:30:15;1
11:30:15;1
11:30:15;1
11:30:15;1
11:30:15;1
11:30:15;1
11:30:15;1
11:30:15;1
11:30:15;1
11:30:15;1
11:30:15;1
11:30:15;1
11:30:15;1
11:30:15;1
11:30:15;1
11:30:15;1
11:30:16;1
11:30:16;1
11:30:16;1
11:30:16;1
11:30:16;1
11:30:16;1
11:30:16;1
11:30:16;1
11:30:16;1
11:30:16;1
11:30:16;1
11:30:16;1
11:30:16;1
11:30:16;1
11:30:17;1
11:30:17;1
11:30:17;1
11:30:17;1
11:30:18;1
11:30:18;1
11:30:18;1
11:30:18;1
11:30:18;1
11:30:18;1
11:30:18;1
11:30:18;1
11:30:18;1
11:30:19;1
11:30:19;1
11:30:19;1
11:30:19;1
11:30:19;1
11:30:19;1
11:30:19;1
11:30:19;1
11:30:19;1
11:30:19;1
11:30:19;1
11:30:19;1
11:30:19;1
11:30:19;1
11:30:19;1
11:30:19;1
11:30:19;1
11:30:19;1
11:30:19;1
11:30:19;1
11:30:19;1
11:30:19;1
11:30:19;1
11:30:19;1
11:30:19;1
11:30:19;1
11:30:19;1
11:30:19;1
11:30:19;1
11:30:19;1
11:30:19;1
11:30:19;1
11:30:19;1
11:30:19;1
11:30:19;1
11:30:19;1
11:30:19;1
11:30:19;1
11:30:19;1
11:30:19;1
11:30:20;1
11:30:20;1
11:30:20;1
11:30:20;1
11:30:20;1
11:30:20;1
11:30:20;1
11:30:21;1
11:30:21;1
11:30:21;1
11:30:21;1
11:30:21;1
11:30:21;1
11:30:21;1
11:30:21;1
11:30:21;1
11:30:21;1
11:30:21;1
11:30:21;1
11:30:21;1
11:30:22;1
11:30:22;1
11:30:22;1
11:30:22;1
11:30:22;1
11:30:22;1
11:30:22;1
11:30:22;1
11:30:22;1
11:30:22;1
11:30:22;1
11:30:22;1
11:30:22;1
11:30:22;1
11:30:22;1
11:30:22;1
11:30:22;1
11:30:22;1
11:30:22;1
11:30:22;1
11:30:22;1
11:30:22;1
11:30:22;1
11:30:22;1
11:30:22;1
11:30:22;1
11:30:22;1
11:30:22;1
11:30:22;1
11:30:22;1
11:30:22;1
11:30:23;1
11:30:23;1
11:30:23;1
11:30:23;1
11:30:23;1
11:30:23;1
11:30:24;1
11:30:24;1
11:30:24;1
11:30:24;1
11:30:24;1
11:30:24;1
11:30:24;1
11:30:24;1
11:30:24;1
11:30:24;1
11:30:24;1
11:30:24;1
11:30:24;1
11:30:25;1
11:30:25;1
11:30:25;1
11:30:25;1
11:30:25;1
11:30:25;1
11:30:25;1
11:30:25;1
11:30:25;1
11:30:25;1
11:30:25;1
11:30:25;1
11:30:25;1
11:30:25;1
11:30:25;1
11:30:25;1
11:30:25;1
11:30:25;1
11:30:25;1
11:30:25;1
11:30:25;1
11:30:26;1
11:30:26;1
11:30:26;1
11:30:26;1
11:30:26;1
11:30:26;1
11:30:26;1
11:30:26;1
11:30:26;1
11:30:26;1
11:30:27;1
11:30:27;1
11:30:27;1
11:30:27;1
11:30:27;1
11:30:27;1
11:30:27;1
11:30:27;1
11:30:27;1
11:30:28;1
11:30:28;1
11:30:28;1
11:30:28;1
11:30:28;1
11:30:29;1
11:30:29;1
11:30:29;1
11:30:29;1
11:30:29;1
11:30:29;1
11:30:29;1
11:30:29;1
11:30:29;1
11:30:29;1
11:30:29;1
11:30:29;1
11:30:29;1
11:30:29;1
11:30:29;1
11:30:29;1
11:30:29;1
11:30:29;1
11:30:29;1
11:30:29;1
11:30:29;1
11:30:29;1
11:30:29;1
11:30:29;1
11:30:29;1
11:30:29;1
11:30:29;1
11:30:29;1
11:30:29;1
11:30:29;1
11:30:29;1
11:30:29;1
11:30:29;1
11:30:29;1
11:30:29;1
11:30:29;1
11:30:29;1
11:30:29;1
11:30:29;1
11:30:29;1
11:30:29;1
11:30:29;1
11:30:29;1
11:30:29;1
11:30:29;1
11:30:30;1
11:30:30;1
11:30:30;1
11:30:30;1
11:30:30;1
11:30:31;1
11:30:31;1
11:30:31;1
11:30:31;1
11:30:31;1
11:30:31;1
11:30:31;1
11:30:31;1
11:30:31;1
11:30:31;1
11:30:31;1
11:30:31;1
11:30:31;1
11:30:31;1
11:30:31;1
11:30:31;1
11:30:31;1
11:30:31;1
11:30:31;1
11:30:31;1
11:30:31;1
11:30:32;1
11:30:32;1
11:30:32;1
11:30:32;1
11:30:32;1
11:30:32;1
11:30:32;1
11:30:32;1
11:30:32;1
11:30:32;1
11:30:32;1
11:30:32;1
11:30:32;1
11:30:32;1
11:30:32;1
11:30:32;1
11:30:32;1
11:30:32;1
11:30:32;1
11:30:32;1
11:30:32;1
11:30:32;1
11:30:32;1
11:30:32;1
11:30:32;1
11:30:32;1
11:30:32;1
11:30:32;1
11:30:32;1
11:30:32;1
11:30:32;1
11:30:32;1
11:30:32;1
11:30:32;1
11:30:32;1
11:30:32;1
11:30:32;1
11:30:32;1
11:30:32;1
11:30:32;1
11:30:32;1
11:30:32;1
11:30:32;1
11:30:32;1
11:30:32;1
11:30:32;1
11:30:32;1
11:30:32;1
11:30:32;1
11:30:32;1
11:30:32;1
11:30:32;1
11:30:32;1
11:30:32;1
11:30:32;1
11:30:32;1
11:30:32;1
11:30:32;1
11:30:32;1
11:30:32;1
11:30:32;1
11:30:32;1
11:30:32;1
11:30:32;1
11:30:32;1
11:30:32;1
11:30:32;1
11:30:32;1
11:30:32;1
11:30:32;1
11:30:32;1
11:30:32;1
11:30:32;1
11:30:32;1
11:30:32;1
11:30:32;1
11:30:32;1
11:30:32;1
11:30:32;1
11:30:32;1
11:30:32;1
11:30:32;1
11:30:32;1
11:30:32;1
11:30:32;1
11:30:32;1
11:30:32;1
11:30:32;1
11:30:32;1
11:30:32;1
11:30:32;1
11:30:32;1
11:30:32;1
11:30:32;1
11:30:32;1
11:30:32;1
11:30:32;1
11:30:32;1
11:30:32;1
11:30:32;1
11:30:32;1
11:30:32;1
11:30:32;1
11:30:32;1
11:30:32;1
11:30:32;1
11:30:32;1
11:30:32;1
11:30:32;1
11:30:32;1
11:30:32;1
11:30:32;1
11:30:32;1
11:30:32;1
11:30:32;1
11:30:32;1
11:30:32;1
11:30:32;1
11:30:32;1
11:30:32;1
11:30:32;1
11:30:32;1
11:30:32;1
11:30:32;1
11:30:32;1
11:30:32;1
11:30:32;1
11:30:32;1
11:30:32;1
11:30:32;1
11:30:32;1
11:30:32;1
11:30:32;1
11:30:32;1
11:30:32;1
11:30:33;1
11:30:33;1
11:30:33;1
11:30:33;1
11:30:33;1
11:30:33;1
11:30:33;1
11:30:33;1
11:30:34;1
11:30:34;1
11:30:35;1
11:30:35;1
11:30:35;1
11:30:35;1
11:30:35;1
11:30:35;1
11:30:35;1
11:30:35;1
11:30:35;1
11:30:35;1
11:30:37;1
11:30:37;1
11:30:37;1
11:30:37;1
11:30:37;1
11:30:37;1
11:30:37;1
11:30:37;1
11:30:37;1
11:30:37;1
11:30:37;1
11:30:37;1
11:30:37;1
11:30:37;1
11:30:37;1
11:30:37;1
11:30:37;1
11:30:37;1
11:30:37;1
11:30:37;1
11:30:37;1
11:30:37;1
11:30:37;1
11:30:37;1
11:30:37;1
11:30:37;1
11:30:37;1
11:30:37;1
11:30:39;1
11:30:39;1
11:30:39;1
11:30:39;1
11:30:39;1
11:30:39;1
11:30:40;1
11:30:40;1
11:30:40;1
11:30:40;1
11:30:40;1
11:30:40;1
11:30:40;1
11:30:41;1
11:30:41;1
11:30:41;1
11:30:41;1
11:30:41;1
11:30:41;1
11:30:41;1
11:30:42;1
11:30:42;1
11:30:42;1
11:30:42;1
11:30:42;1
11:30:42;1
11:30:42;1
11:30:43;1
11:30:43;1
11:30:43;1
11:30:43;1
11:30:43;1
11:30:43;1
11:30:43;1
11:30:43;1
11:30:43;1
11:30:43;1
11:30:43;1
11:30:43;1
11:30:43;1
11:30:43;1
11:30:43;1
11:30:43;1
11:30:43;1
11:30:43;1
11:30:43;1
11:30:43;1
11:30:44;1
11:30:44;1
11:30:44;1
11:30:44;1
11:30:44;1
11:30:44;1
11:30:44;1
11:30:44;1
11:30:44;1
11:30:44;1
11:30:44;1
11:30:45;1
11:30:45;1
11:30:45;1
11:30:45;1
11:30:45;1
11:30:45;1
11:30:45;1
11:30:45;1
11:30:45;1
11:30:46;1
11:30:46;1
11:30:46;1
11:30:46;1
11:30:46;1
11:30:46;1
11:30:46;1
11:30:46;1
11:30:46;1
11:30:46;1
11:30:46;1
11:30:46;1
11:30:46;1
11:30:46;1
11:30:46;1
11:30:46;1
11:30:46;1
11:30:46;1
11:30:46;1
11:30:46;1
11:30:46;1
11:30:46;1
11:30:46;1
11:30:46;1
11:30:46;1
11:30:46;1
11:30:46;1
11:30:46;1
11:30:46;1
11:30:46;1
11:30:46;1
11:30:46;1
11:30:46;1
11:30:46;1
11:30:46;1
11:30:46;1
11:30:46;1
11:30:46;1
11:30:46;1
11:30:46;1
11:30:46;1
11:30:46;1
11:30:46;1
11:30:46;1
11:30:46;1
11:30:46;1
11:30:46;1
11:30:46;1
11:30:46;1
11:30:46;1
11:30:46;1
11:30:46;1
11:30:46;1
11:30:46;1
11:30:46;1
11:30:46;1
11:30:46;1
11:30:46;1
11:30:46;1
11:30:46;1
11:30:46;1
11:30:46;1
11:30:46;1
11:30:46;1
11:30:46;1
11:30:46;1
11:30:46;1
11:30:46;1
11:30:46;1
11:30:47;1
11:30:47;1
11:30:47;1
11:30:47;1
11:30:47;1
11:30:47;1
11:30:47;1
11:30:47;1
11:30:47;1
11:30:47;1
11:30:47;1
11:30:47;1
11:30:47;1
11:30:47;1
11:30:47;1
11:30:47;1
11:30:47;1
11:30:47;1
11:30:47;1
11:30:47;1
11:30:47;1
11:30:48;1
11:30:48;1
11:30:49;1
11:30:49;1
11:30:50;1
11:30:50;1
11:30:50;1
11:30:50;1
11:30:50;1
11:30:50;1
11:30:51;1
11:30:51;1
11:30:53;1
11:30:53;1
11:30:53;1
11:30:53;1
11:30:53;1
11:30:53;1
11:30:53;1
11:30:53;1
11:30:53;1
11:30:53;1
11:30:53;1
11:30:53;1
11:30:53;1
11:30:53;1
11:30:53;1
11:30:54;1
11:30:54;1
11:30:54;1
11:30:54;1
11:30:54;1
11:30:54;1
11:30:54;1
11:30:54;1
11:30:54;1
11:30:54;1
11:30:54;1
11:30:54;1
11:30:54;1
11:30:54;1
11:30:54;1
11:30:55;1
11:30:55;1
11:30:55;1
11:30:55;1
11:30:55;1
11:30:55;1
11:30:55;1
11:30:55;1
11:30:55;1
11:30:55;1
11:30:55;1
11:30:55;1
11:30:55;1
11:30:55;1
11:30:55;1
11:30:56;1
11:30:56;1
11:30:56;1
11:30:56;1
11:30:57;1
11:30:57;1
11:30:57;1
11:30:57;1
11:30:57;1
11:30:57;1
11:30:57;1
11:30:58;1
11:30:58;1
11:30:59;1
11:30:59;1
11:30:59;1
11:30:59;1
11:30:59;1
11:30:59;1
11:31:0;1
11:31:0;1
11:31:0;1
11:31:0;1
11:31:0;1
11:31:0;1
11:31:0;1
11:31:0;1
11:31:1;1
11:31:1;1
11:31:1;1
11:31:1;1
11:31:1;1
11:31:1;1
11:31:2;1
11:31:2;1
11:31:2;1
11:31:3;1
11:31:3;1
11:31:4;1
11:31:4;1
11:31:4;1
11:31:4;1
11:31:4;1
11:31:4;1
11:31:4;1
11:31:4;1
11:31:4;1
11:31:4;1
11:31:4;1
11:31:4;1
11:31:4;1
11:31:4;1
11:31:4;1
11:31:4;1
11:31:4;1
11:31:4;1
11:31:4;1
11:31:4;1
11:31:4;1
11:31:4;1
11:31:4;1
11:31:4;1
11:31:5;1
11:31:5;1
11:31:5;1
11:31:5;1
11:31:5;1
11:31:5;1
11:31:6;1
11:31:6;1
11:31:6;1
11:31:6;1
11:31:7;1
11:31:7;1
11:31:7;1
11:31:7;1
11:31:7;1
11:31:7;1
11:31:7;1
11:31:7;1
11:31:7;1
11:31:7;1
11:31:8;1
11:31:8;1
11:31:8;1
11:31:8;1
11:31:8;1
11:31:8;1
11:31:8;1
11:31:8;1
11:31:9;1
11:31:9;1
11:31:9;1
11:31:9;1
11:31:9;1
11:31:9;1
11:31:9;1
11:31:9;1
11:31:9;1
11:31:9;1
11:31:9;1
11:31:9;1
11:31:9;1
11:31:9;1
11:31:9;1
11:31:9;1
11:31:9;1
11:31:9;1
11:31:9;1
11:31:9;1
11:31:9;1
11:31:9;1
11:31:9;1
11:31:9;1
11:31:9;1
11:31:9;1
11:31:9;1
11:31:9;1
11:31:9;1
11:31:9;1
11:31:9;1
11:31:9;1
11:31:9;1
11:31:9;1
11:31:9;1
11:31:9;1
11:31:9;1
11:31:9;1
11:31:9;1
11:31:9;1
11:31:9;1
11:31:9;1
11:31:9;1
11:31:9;1
11:31:10;1
11:31:10;1
11:31:11;1
11:31:11;1
11:31:11;1
11:31:11;1
11:31:11;1
11:31:11;1
11:31:11;1
11:31:11;1
11:31:12;1
11:31:12;1
11:31:12;1
11:31:12;1
11:31:13;1
11:31:13;1
11:31:14;1
11:31:14;1
11:31:14;1
11:31:14;1
11:31:14;1
11:31:14;1
11:31:14;1
11:31:14;1
11:31:14;1
11:31:14;1
11:31:14;1
11:31:14;1
11:31:14;1
11:31:14;1
11:31:14;1
11:31:14;1
11:31:14;1
11:31:14;1
11:31:14;1
11:31:14;1
11:31:14;1
11:31:14;1
11:31:14;1
11:31:14;1
11:31:14;1
11:31:14;1
11:31:14;1
11:31:14;1
11:31:14;1
11:31:14;1
11:31:15;1
11:31:15;1
11:31:15;1
11:31:16;1
11:31:16;1
11:31:16;1
11:31:16;1
11:31:17;1
11:31:17;1
11:31:17;1
11:31:17;1
11:31:17;1
11:31:17;1
11:31:17;1
11:31:17;1
11:31:17;1
11:31:19;1
11:31:19;1
11:31:19;1
11:31:19;1
11:31:19;1
11:31:19;1
11:31:19;1
11:31:19;1
11:31:19;1
11:31:19;1
11:31:19;1
11:31:19;1
11:31:19;1
11:31:19;1
11:31:19;1
11:31:19;1
11:31:19;1
11:31:19;1
11:31:19;1
11:31:19;1
11:31:19;1
11:31:19;1
11:31:19;1
11:31:19;1
11:31:19;1
11:31:19;1
11:31:19;1
11:31:19;1
11:31:19;1
11:31:19;1
11:31:19;1
11:31:19;1
11:31:19;1
11:31:19;1
11:31:19;1
11:31:19;1
11:31:19;1
11:31:19;1
11:31:19;1
11:31:19;1
11:31:19;1
11:31:19;1
11:31:19;1
11:31:19;1
11:31:19;1
11:31:19;1
11:31:19;1
11:31:19;1
11:31:19;1
11:31:19;1
11:31:19;1
11:31:19;1
11:31:19;1
11:31:19;1
11:31:19;1
11:31:19;1
11:31:19;1
11:31:19;1
11:31:19;1
11:31:19;1
11:31:19;1
11:31:19;1
11:31:19;1
11:31:19;1
11:31:19;1
11:31:19;1
11:31:19;1
11:31:19;1
11:31:19;1
11:31:19;1
11:31:19;1
11:31:19;1
11:31:20;1
11:31:20;1
11:31:20;1
11:31:20;1
11:31:20;1
11:31:20;1
11:31:20;1
11:31:20;1
11:31:20;1
11:31:20;1
11:31:20;1
11:31:20;1
11:31:20;1
11:31:20;1
11:31:20;1
11:31:20;1
11:31:20;1
11:31:20;1
11:31:20;1
11:31:20;1
11:31:20;1
11:31:20;1
11:31:20;1
11:31:20;1
11:31:20;1
11:31:20;1
11:31:20;1
11:31:20;1
11:31:20;1
11:31:20;1
11:31:20;1
11:31:20;1
11:31:20;1
11:31:20;1
11:31:20;1
11:31:20;1
11:31:21;1
11:31:21;1
11:31:21;1
11:31:21;1
11:31:21;1
11:31:21;1
11:31:21;1
11:31:21;1
11:31:21;1
11:31:21;1
11:31:21;1
11:31:21;1
11:31:21;1
11:31:21;1
11:31:21;1
11:31:21;1
11:31:21;1
11:31:21;1
11:31:21;1
11:31:21;1
11:31:21;1
11:31:21;1
11:31:21;1
11:31:21;1
11:31:21;1
11:31:21;1
11:31:21;1
11:31:21;1
11:31:21;1
11:31:21;1
11:31:21;1
11:31:21;1
11:31:21;1
11:31:21;1
11:31:21;1
11:31:21;1
11:31:21;1
11:31:21;1
11:31:21;1
11:31:21;1
11:31:21;1
11:31:21;1
11:31:21;1
11:31:21;1
11:31:21;1
11:31:21;1
11:31:21;1
11:31:21;1
11:31:21;1
11:31:23;1
11:31:23;1
11:31:23;1
11:31:24;1
11:31:24;1
11:31:25;1
11:31:25;1
11:31:25;1
11:31:25;1
11:31:25;1
11:31:25;1
11:31:26;1
11:31:27;1
11:31:28;1
11:31:30;1
11:31:31;1
11:31:31;1
11:31:31;1
11:31:31;1
11:31:32;1
11:31:33;1
11:31:33;1
11:31:34;1
11:31:34;1
11:31:35;1
11:31:35;1
11:31:35;1
11:31:36;1
11:31:36;1
11:31:36;1
11:31:36;1
11:31:37;1
11:31:37;1
11:31:37;1
11:31:37;1
11:31:37;1
11:31:37;1
11:31:37;1
11:31:38;1
11:31:39;1
11:31:39;1
11:31:40;1
11:31:41;1
11:31:41;1
11:31:41;1
11:31:42;1
11:31:42;1
11:31:42;1
11:31:42;1
11:31:42;1
11:31:42;1
11:31:43;1
11:31:43;1
11:31:43;1
11:31:43;1
11:31:43;1
11:31:44;1
11:31:45;1
11:31:45;1
11:31:45;1
11:31:45;1
11:31:45;1
11:31:46;1
11:31:46;1
11:31:47;1
11:31:47;1
11:31:47;1
11:31:47;1
11:31:48;1
11:31:48;1
11:31:48;1
11:31:48;1
11:31:48;1
11:31:49;1
11:31:49;1
11:31:50;1
11:31:50;1
11:31:51;1
11:31:51;1
11:31:51;1
11:31:5211:31:52;;1
11:31:52;1
11:31:54;1
11:31:54;1
11:31:55;1
11:31:55;1
11:31:55;1
11:31:55;1
11:31:55;1
11:31:55;1
11:31:55;1
11:31:55;1
11:31:55;1
11:31:55;1
11:31:56;1
11:31:56;1
11:31:56;1
11:31:57;1
11:31:57;1
11:31:57;1
11:31:57;1
11:31:57;1
11:31:58;1
11:31:58;1
11:31:58;1
11:31:58;1
11:31:59;1
11:31:59;1
11:32:0;1
11:32:0;1
11:32:1;1
11:32:1;1
11:32:1;1
11:32:1;1
11:32:1;1
11:32:2;1
11:32:2;1
11:32:4;1
11:32:4;1
11:32:5;1
11:32:5;1
11:32:5;1
11:32:5;1
11:32:6;1
11:32:6;1
11:32:6;1
11:32:6;1
11:32:6;1
11:32:6;1
11:32:7;1
11:32:7;1
11:32:8;1
11:32:8;1
11:32:8;1
11:32:8;1
11:32:9;1
11:32:9;1
11:32:9;1
11:32:9;1
11:32:9;1
11:32:9;1
11:32:9;1
11:32:9;1
11:32:10;1
11:32:10;1
11:32:10;1
11:32:10;1
11:32:10;1
11:32:11;1
11:32:11;1
11:32:12;1
11:32:12;1
11:32:12;1
11:32:12;1
11:32:12;1
11:32:12;1
11:32:12;1
11:32:13;1
11:32:13;1
11:32:14;1
11:32:15;1
11:32:15;1
11:32:15;1
11:32:15;1
11:32:16;1
11:32:16;1
11:32:16;1
11:32:16;1
11:32:16;1
11:32:16;1
11:32:16;1
11:32:17;1
11:32:17;1
11:32:17;1
11:32:18;1
11:32:18;1
11:32:18;1
11:32:18;1
11:32:19;1
11:32:19;1
11:32:19;1
11:32:19;1
11:32:19;1
11:32:20;1
11:32:20;1
11:32:20;1
11:32:20;1
11:32:20;1
11:32:20;1
11:32:20;1
11:32:20;1
11:32:20;1
11:32:21;1
11:32:21;1
11:32:21;1
11:32:22;1
11:32:22;1
11:32:22;1
11:32:22;1
11:32:22;1
11:32:23;1
11:32:23;1
11:32:23;1
11:32:24;1
11:32:24;1
11:32:24;1
11:32:24;1
11:32:24;1
11:32:25;1
11:32:26;1
11:32:26;1
11:32:26;1
11:32:26;1
11:32:26;1
11:32:26;1
11:32:26;1
11:32:27;1
11:32:27;1
11:32:28;1
11:32:28;1
11:32:28;1
11:32:28;1
11:32:28;1
11:32:28;1
11:32:29;1
11:32:29;1
11:32:29;1
11:32:29;1
11:32:29;1
11:32:29;1
11:32:29;1
11:32:30;1
11:32:30;1
11:32:30;1
11:32:30;1
11:32:30;1
11:32:30;1
11:32:31;1
11:32:32;1
11:32:33;1
11:32:33;1
11:32:33;1
11:32:33;1
11:32:33;1
11:32:34;1
11:32:34;1
11:32:34;1
11:32:34;1
11:32:34;1
11:32:35;1
11:32:35;1
11:32:35;1
11:32:35;1
11:32:36;1
11:32:36;1
11:32:36;1
11:32:36;1
11:32:36;1
11:32:36;1
11:32:36;1
11:32:36;1
11:32:36;1
11:32:36;1
11:32:36;1
11:32:37;1
11:32:37;1
11:32:38;1
11:32:38;1
11:32:39;1
11:32:39;1
11:32:39;11:32:39;1
11:32:40;1
11:32:40;1
11:32:40;1
11:32:40;1
11:32:40;1
11:32:40;1
11:32:41;1
11:32:42;1
11:32:42;1
11:32:42;1
11:32:42;1
11:32:42;1
11:32:42;1
11:32:42;1
11:32:42;1
11:32:43;1
11:32:43;1
11:32:43;1
11:32:43;1
11:32:43;1
11:32:44;1
11:32:44;1
11:32:44;1
11:32:44;1
11:32:44;1
11:32:45;1
11:32:45;1
11:32:45;1
11:32:45;1
11:32:46;1
11:32:46;1
11:32:46;1
11:32:46;1
11:32:46;1
11:32:46;1
11:32:47;1
11:32:47;1
11:32:47;1
11:32:47;1
11:32:47;1
11:32:47;1
11:32:48;1
11:32:48;1
11:32:48;1
11:32:49;1
11:32:49;1
11:32:49;1
11:32:49;1
11:32:49;1
11:32:49;1
11:32:49;1
11:32:49;1
11:32:50;1
11:32:50;1
11:32:50;1
11:32:50;1
11:32:50;1
11:32:50;1
11:32:50;1
11:32:50;1
11:32:50;1
11:32:51;1
11:32:51;1
11:32:51;1
11:32:51;1
11:32:51;1
11:32:52;1
11:32:52;1
11:32:52;1
11:32:52;1
11:32:53;1
11:32:53;1
11:32:54;1
11:32:54;1
11:32:54;1
11:32:55;1
11:32:55;1
11:32:56;1
11:32:56;1
11:32:56;1
11:32:57;1
11:32:57;1
11:32:57;1
11:32:57;1
11:32:57;1
11:32:57;1
11:32:57;1
11:32:58;1
11:32:58;1
11:32:59;1
11:32:59;1
11:33:0;1
11:33:0;1
11:33:0;1
11:33:0;1
11:33:0;1
11:33:0;1
11:33:0;1
11:33:0;1
11:33:0;1
11:33:1;1
11:33:2;1
11:33:2;1
11:33:2;1
11:33:2;1
11:33:2;1
11:33:2;1
11:33:2;1
11:33:2;1
11:33:2;1
11:33:2;1
11:33:2;1
11:33:2;1
11:33:2;1
11:33:2;1
11:33:2;1
11:33:3;1
11:33:3;1
11:33:4;1
11:33:5;1
11:33:5;1
11:33:5;1
11:33:7;1
11:33:7;1
11:33:7;1
11:33:8;1
11:33:8;1
11:33:9;1
11:33:9;1
11:33:9;1
11:33:9;1
11:33:10;1
11:33:10;1
11:33:10;1
11:33:10;1
11:33:10;1
11:33:10;1
11:33:11;1
11:33:11;1
11:33:12;1
11:33:12;1
11:33:12;1
11:33:13;1
11:33:13;1
11:33:13;1
11:33:13;1
11:33:14;1
11:33:15;1
11:33:16;1
11:33:16;1
11:33:16;1
11:33:16;1
11:33:16;1
11:33:16;1
11:33:17;1
11:33:17;1
11:33:17;1
11:33:17;1
11:33:18;1
11:33:18;1
11:33:19;1
11:33:19;1
11:33:19;1
11:33:20;1
11:33:20;1
11:33:20;1
11:33:20;1
11:33:21;1
11:33:21;1
11:33:21;1
11:33:22;1
11:33:22;1
11:33:23;1
11:33:24;1
11:33:24;1
11:33:25;1
11:33:25;1
11:33:25;1
11:33:25;1
11:33:25;1
11:33:26;1
11:33:26;1
11:33:26;1
11:33:26;1
11:33:26;1
11:33:26;1
11:33:27;1
11:33:27;1
11:33:28;1
11:33:28;1
11:33:29;1
11:33:29;1
11:33:29;1
11:33:29;1
11:33:29;1
11:33:29;1
11:33:29;1
11:33:30;1
11:33:30;1
11:33:30;1
11:33:30;1
11:33:31;1
11:33:31;1
11:33:31;1
11:33:31;1
11:33:31;1
11:33:32;1
11:33:32;1
11:33:32;1
11:33:32;1
11:33:32;1
11:33:32;1
11:33:32;1
11:33:32;1
11:33:32;1
11:33:32;1
11:33:32;1
11:33:32;1
11:33:32;1
11:33:32;1
11:33:32;1
11:33:33;1
11:33:33;1
11:33:33;1
11:33:33;1
11:33:33;1
11:33:33;1
11:33:33;1
11:33:33;1
11:33:33;1
11:33:33;1
11:33:33;1
11:33:33;1
11:33:33;1
11:33:33;1
11:33:33;1
11:33:33;1
11:33:33;1
11:33:33;1
11:33:33;1
11:33:33;1
11:33:33;1
11:33:33;1
11:33:33;1
11:33:33;1
11:33:33;1
11:33:33;1
11:33:33;1
11:33:33;1
11:33:33;1
11:33:33;1
11:33:33;1
11:33:33;1
11:33:33;1
11:33:33;1
11:33:33;1
11:33:33;1
11:33:33;1
11:33:33;1
11:33:33;1
11:33:33;1
11:33:33;1
11:33:33;1
11:33:33;1
11:33:33;1
11:33:33;1
11:33:33;1
11:33:33;1
11:33:33;1
11:33:33;1
11:33:33;1
11:33:33;1
11:33:33;1
11:33:33;1
11:33:33;1
11:33:33;1
11:33:33;1
11:33:33;1
11:33:33;1
11:33:33;1
11:33:33;1
11:33:33;1
11:33:33;1
11:33:33;1
11:33:33;1
11:33:33;1
11:33:33;1
11:33:33;1
11:33:33;1
11:33:33;1
11:33:33;1
11:33:33;1
11:33:33;1
11:33:33;1
11:33:33;1
11:33:33;1
11:33:33;1
11:33:33;1
11:33:33;1
11:33:33;1
11:33:33;1
11:33:33;1
11:33:33;1
11:33:33;1
11:33:33;1
11:33:33;1
11:33:33;1
11:33:33;1
11:33:33;1
11:33:33;1
11:33:35;1
11:33:38;1
11:33:38;1
11:33:38;1
11:33:39;1
11:33:41;1
11:33:41;1
11:33:42;1
11:33:42;1
11:33:43;1
11:33:44;1
11:33:46;1
11:33:48;1
11:33:48;1
11:33:49;1
11:33:49;1
11:33:49;1
11:33:49;1
11:33:50;1
11:33:50;1
11:33:51;1
11:33:51;1
11:33:52;1
11:33:52;1
11:33:52;1
11:33:52;1
11:33:53;1
11:33:53;1
11:33:54;1
11:33:54;1
11:33:55;1
11:33:56;1
11:33:56;1
11:33:58;1
11:34:0;1
11:34:1;1
11:34:1;1
11:34:2;1
11:34:2;1
11:34:3;1
11:34:3;1
11:34:5;1
11:34:5;1
11:34:7;1
11:34:8;1
11:34:8;1
11:34:9;1
11:34:12;1
11:34:12;1
11:34:12;1
11:34:13;1
11:34:16;1
11:34:17;1
11:34:19;1
11:34:20;1
11:34:20;1
11:34:21;1
11:34:21;1
11:34:22;1
11:34:22;1
11:34:22;1
11:34:22;1
11:34:22;1
11:34:22;1
11:34:23;1
11:34:23;1
11:34:24;1
11:34:25;1
11:34:25;1
11:34:27;1
11:34:29;1
11:34:30;1
11:34:30;1
11:34:31;1
11:34:32;1
11:34:34;1
11:34:35;1
11:34:37;1
11:34:39;1
11:34:41;1
11:34:43;1
11:34:43;1
11:34:43;1
11:34:44;1
11:34:47;1
11:34:50;1
11:34:50;1
11:34:53;1
11:34:53;1
11:34:53;1
11:34:53;1
11:34:59;1
11:34:59;1
11:35:2;1
11:35:3;1
11:35:3;1
11:35:5;1
11:35:6;1
11:35:8;1
11:35:10;1
11:35:10;1
11:35:12;1
11:35:13;1
11:35:14;1
11:35:14;1
11:35:15;1
11:35:21;1
11:35:21;1
11:35:21;1
11:35:22;1
11:35:23;1
11:35:24;1
11:35:24;1
11:35:24;1
11:35:24;1
11:35:24;1
11:35:24;1
11:35:24;1
11:35:25;1
11:35:25;1
11:35:26;1
11:35:27;1
11:35:28;1
11:35:28;1
11:35:31;1
11:35:32;1
11:35:34;1
11:35:35;1
11:35:38;1
11:35:39;1
11:35:39;1
11:35:39;1
11:35:42;1
11:35:42;1
11:35:44;1
11:35:44;1
11:35:44;1
11:35:45;1
11:35:45;1
11:35:45;1
11:35:47;1
11:35:49;1
11:35:50;1
11:35:50;1
11:35:50;1
11:35:51;1
11:35:51;1
11:35:53;1
11:35:54;1
11:35:54;1
11:35:54;1
11:35:54;1
11:35:54;1
11:35:55;1
11:35:55;1
11:35:55;1
11:35:55;1
11:36:0;1
11:36:0;1
11:36:2;1
11:36:3;1
11:36:3;1
11:36:3;1
11:36:4;1
11:36:4;1
11:36:5;1
11:36:5;1
11:36:5;1
11:36:5;1
11:36:5;1
11:36:7;1
11:36:9;1
11:36:9;1
11:36:12;1
11:36:13;1
11:36:13;1
11:36:14;1
11:36:15;1
11:36:15;1
11:36:15;1
11:36:16;1
11:36:16;1
11:36:17;1
11:36:18;1
11:36:18;1
11:36:18;1
11:36:18;1
11:36:19;1
11:36:20;1
11:36:20;1
11:36:20;1
11:36:20;1
11:36:21;1
11:36:22;1
11:36:22;1
11:36:25;1
11:36:25;1
11:36:27;1
11:36:28;1
11:36:29;1
11:36:30;1
11:36:31;1
11:36:32;1
11:36:35;1
11:36:36;1
11:36:36;1
11:36:36;1
11:36:36;1
11:36:37;1
11:36:37;1
11:36:37;1
11:36:38;1
11:36:38;1
11:36:38;1
11:36:39;1
11:36:41;1
11:36:42;1
11:36:44;1
11:36:44;1
11:36:44;1
11:36:46;1
11:36:46;1
11:36:47;1
11:36:48;1
11:36:48;1
11:36:48;1
11:36:48;1
11:36:48;1
11:36:48;1
11:36:48;1
11:36:48;1
11:36:48;1
11:36:48;1
11:36:48;1
11:36:48;1
11:36:48;1
11:36:48;1
11:36:48;1
11:36:48;1
11:36:50;1
11:36:50;1
11:36:50;1
11:36:53;1
11:36:56;1
11:36:57;1
11:36:57;1
11:36:57;1
11:36:58;1
11:37:0;1
11:37:2;1
11:37:4;1
11:37:5;1
11:37:6;1
11:37:6;1
11:37:7;1
11:37:7;1
11:37:8;1
11:37:10;1
11:37:12;1
11:37:12;1
11:37:13;1
11:37:15;1
11:37:16;1
11:37:17;1
11:37:17;1
11:37:18;1
11:37:19;1
11:37:20;1
11:37:20;1
11:37:22;1
11:37:24;1
11:37:25;1
11:37:25;1
11:37:26;1
11:37:26;1
11:37:27;1
11:37:28;1
11:37:28;1
11:37:34;1
11:37:34;1
11:37:35;1
11:37:35;1
11:37:36;1
11:37:37;1
11:37:37;1
11:37:37;1
11:37:37;1
11:37:38;1
11:37:41;1
11:37:41;1
11:37:42;1
11:37:42;1
11:37:42;1
11:37:42;1
11:37:42;1
11:37:43;1
11:37:43;1
11:37:43;1
11:37:43;1
11:37:43;1
11:37:43;1
11:37:44;1
11:37:44;1
11:37:45;1
11:37:46;1
11:37:47;1
11:37:48;1
11:37:48;1
11:37:48;1
11:37:48;1
11:37:48;1
11:37:48;1
11:37:48;1
11:37:48;1
11:37:49;1
11:37:50;1
11:37:50;1
11:37:50;1
11:37:50;1
11:37:50;1
11:37:50;1
11:37:50;1
11:37:50;1
11:37:50;1
11:37:50;1
11:37:51;1
11:37:51;1
11:37:51;1
11:37:51;1
11:37:51;1
11:37:51;1
11:37:51;1
11:37:51;1
11:37:51;1
11:37:51;1
11:37:51;1
11:37:51;1
11:37:53;1
11:37:53;1
11:37:53;1
11:37:53;1
11:37:53;1
11:37:54;1
11:37:55;1
11:37:55;1
11:37:55;1
11:37:56;1
11:37:56;1
11:37:56;1
11:37:56;1
11:37:56;1
11:37:56;1
11:37:57;1
11:37:57;1
11:37:59;1
11:38:0;1
11:38:3;1
11:38:3;1
11:38:4;1
11:38:4;1
11:38:8;1
11:38:9;1
11:38:9;1
11:38:9;1
11:38:9;1
11:38:10;1
11:38:10;1
11:38:12;1
11:38:13;1
11:38:14;1
11:38:16;1
11:38:16;1
11:38:17;1
11:38:18;1
11:38:21;1
11:38:21;1
11:38:23;1
11:38:24;1
11:38:24;1
11:38:26;1
11:38:27;1
11:38:28;1
11:38:29;1
11:38:29;1
11:38:30;1
11:38:30;1
11:38:30;1
11:38:30;1
11:38:30;1
11:38:30;1
11:38:32;1
11:38:32;1
11:38:32;1
11:38:32;1
11:38:32;1
11:38:32;1
11:38:32;1
11:38:32;1
11:38:33;1
11:38:35;1
11:38:35;1
11:38:37;1
11:38:39;1
11:38:40;1
11:38:40;1
11:38:40;1
11:38:40;1
11:38:41;1
11:38:42;1
11:38:42;1
11:38:42;1
11:38:42;1
11:38:42;1
11:38:42;1
11:38:43;1
11:38:44;1
11:38:44;1
11:38:44;1
11:38:45;1
11:38:50;1
11:38:50;1
11:38:51;1
11:38:51;1
11:38:52;1
11:38:56;1
11:38:57;1
11:38:57;1
11:38:57;1
11:38:58;1
11:38:58;1
11:38:58;1
11:39:2;1
11:39:4;1
11:39:6;1
11:39:7;1
11:39:7;1
11:39:10;1
11:39:11;1
11:39:12;1
11:39:13;1
11:39:14;1
11:39:15;1
11:39:16;1
11:39:17;1
11:39:18;1
11:39:19;1
11:39:19;1
11:39:20;1
11:39:20;1
11:39:22;1
11:39:22;1
11:39:22;1
11:39:23;1
11:39:24;1
11:39:24;1
11:39:24;1
11:39:29;1
11:39:32;1
11:39:32;1
11:39:32;1
11:39:33;1
11:39:34;1
11:39:35;1
11:39:37;1
11:39:40;1
11:39:42;1
11:39:43;1
11:39:43;1
11:39:43;1
11:39:45;1
11:39:46;1
11:39:46;1
11:39:47;1
11:39:47;1
11:39:47;1
11:39:55;1
11:39:58;1
11:40:0;1
11:40:0;1
11:40:1;1
11:40:1;1
11:40:2;1
11:40:2;1
11:40:3;1
11:40:8;1
11:40:9;1
11:40:10;1
11:40:11;1
11:40:11;1
11:40:11;1
11:40:13;1
11:40:13;1
11:40:13;1
11:40:14;1
11:40:14;1
11:40:19;1
11:40:20;1
11:40:23;1
11:40:23;1
11:40:23;1
11:40:24;1
11:40:24;1
11:40:24;1
11:40:25;1
11:40:30;1
11:40:31;1
11:40:32;1
11:40:33;1
11:40:33;1
11:40:34;1
11:40:35;1
11:40:35;1
11:40:36;1
11:40:37;1
11:40:38;1
11:40:39;1
11:40:39;1
11:40:39;1
11:40:41;1
11:40:41;1
11:40:43;1
11:40:44;1
11:40:44;1
11:40:44;1
11:40:44;1
11:40:45;1
11:40:45;1
11:40:46;1
11:40:48;1
11:40:49;1
11:40:49;1
11:40:50;1
11:40:50;1
11:40:50;1
11:40:54;1
11:41:4;1
11:41:5;1
11:41:5;1
11:41:6;1
11:41:7;1
11:41:8;1
11:41:8;1
11:41:9;1
11:41:10;1
11:41:12;1
11:41:14;1
11:41:15;1
11:41:15;1
11:41:16;1
11:41:16;1
11:41:17;1
11:41:18;1
11:41:19;1
11:41:22;1
11:41:22;1
11:41:23;1
11:41:24;1
11:41:26;1
11:41:26;1
11:41:26;1
11:41:28;1
11:41:29;1
11:41:31;1
11:41:31;1
11:41:32;1
11:41:34;1
11:41:35;1
11:41:36;1
11:41:37;1
11:41:37;1
11:41:40;1
11:41:41;1
11:41:43;1
11:41:44;1
11:41:44;1
11:41:45;1
11:41:48;1
11:41:48;1
11:41:50;1
11:41:51;1
11:41:51;1
11:41:51;1
11:41:51;1
11:41:53;1
11:41:56;1
11:41:56;1
11:41:59;1
11:42:4;1
11:42:5;1
11:42:7;1
11:42:7;1
11:42:8;1
11:42:8;1
11:42:9;1
11:42:10;1
11:42:10;1
11:42:10;1
11:42:11;1
11:42:12;1
11:42:15;1
11:42:15;1
11:42:16;1
11:42:17;1
11:42:17;1
11:42:18;1
11:42:18;1
11:42:18;1
11:42:19;1
11:42:26;1
11:42:27;1
11:42:28;1
11:42:28;1
11:42:28;1
11:42:29;1
11:42:34;1
11:42:35;1
11:42:36;1
11:42:36;1
11:42:36;1
11:42:37;1
11:42:40;1
11:42:42;1
11:42:45;1
11:42:45;1
11:42:46;1
11:42:49;1
11:42:49;1
11:42:49;1
11:42:49;1
11:42:49;1
11:42:50;1
11:42:54;1
11:42:55;1
11:42:56;1
11:42:57;1
11:42:57;1
11:42:58;1
11:42:59;1
11:42:59;1
11:43:0;1
11:43:0;1
11:43:1;1
11:43:1;1
11:43:5;1
11:43:5;1
11:43:6;1
11:43:7;1
11:43:8;1
11:43:8;1
11:43:9;1
11:43:9;1
11:43:10;1
11:43:10;1
11:43:10;1
11:43:10;1
11:43:10;1
11:43:14;1
11:43:14;1
11:43:15;1
11:43:16;1
11:43:16;1
11:43:17;1
11:43:17;1
11:43:17;1
11:43:17;1
11:43:18;1
11:43:19;1
11:43:19;1
11:43:20;1
11:43:20;1
11:43:20;1
11:43:20;1
11:43:22;1
11:43:22;1
11:43:22;1
11:43:22;1
11:43:27;1
11:43:27;1
11:43:30;1
11:43:30;1
11:43:30;1
11:43:30;1
11:43:31;1
11:43:32;1
11:43:33;1
11:43:34;1
11:43:35;1
11:43:37;1
11:43:38;1
11:43:39;1
11:43:41;1
11:43:42;1
11:43:44;1
11:43:45;1
11:43:50;1
11:43:50;1
11:43:50;1
11:43:50;1
11:43:50;1
11:43:50;1
11:43:51;1
11:43:51;1
11:43:51;1
11:43:56;1
11:43:56;1
11:43:57;1
11:43:57;1
11:43:59;1
11:44:0;1
11:44:0;1
11:44:1;1
11:44:1;1
11:44:1;1
11:44:1;1
11:44:1;1
11:44:3;1
11:44:4;1
11:44:6;1
11:44:8;1
11:44:9;1
11:44:9;1
11:44:10;1
11:44:11;1
11:44:11;1
11:44:12;1
11:44:13;1
11:44:14;1
11:44:14;1
11:44:16;1
11:44:17;1
11:44:18;1
11:44:18;1
11:44:18;1
11:44:18;1
11:44:19;1
11:44:20;1
11:44:20;1
11:44:30;1
11:44:31;1
11:44:31;1
11:44:36;1
11:44:36;1
11:44:39;1
11:44:40;1
11:44:42;1
11:44:43;1
11:44:47;1
11:44:48;1
11:44:49;1
11:44:50;1
11:44:50;1
11:44:51;1
11:44:51;1
11:44:52;1
11:44:52;1
11:44:52;1
11:44:54;1
11:44:57;1
11:44:59;1
11:44:59;1
11:45:1;1
11:45:2;1
11:45:4;1
11:45:5;1
11:45:5;1
11:45:6;1
11:45:7;1
11:45:8;1
11:45:10;1
11:45:10;1
11:45:11;1
11:45:11;1
11:45:14;1
11:45:17;1
11:45:24;1
11:45:24;1
11:45:25;1
11:45:25;1
11:45:26;1
11:45:27;1
11:45:27;1
11:45:29;1
11:45:29;1
11:45:33;1
11:45:34;1
11:45:34;1
11:45:36;1
11:45:39;1
11:45:45;1
11:45:45;1
11:45:45;1
11:45:47;1
11:45:47;1
11:45:49;1
11:45:49;1
11:45:51;1
11:45:53;1
11:45:54;1
11:45:57;1
11:45:57;1
11:45:59;1
11:46:1;1
11:46:4;1
11:46:4;1
11:46:5;1
11:46:5;1
11:46:9;1
11:46:11;1
11:46:12;1
11:46:13;1
11:46:17;1
11:46:18;1
11:46:19;1
11:46:21;1
11:46:22;1
11:46:23;1
11:46:23;1
11:46:25;1
11:46:25;1
11:46:26;1
11:46:27;1
11:46:27;1
11:46:27;1
11:46:28;1
11:46:29;1
11:46:29;1
11:46:31;1
11:46:32;1
11:46:33;1
11:46:34;1
11:46:34;1
11:46:34;1
11:46:35;1
11:46:35;1
11:46:35;1
11:46:35;1
11:46:36;1
11:46:37;1
11:46:43;1
11:46:44;1
11:46:45;1
11:46:46;1
11:46:46;1
11:46:47;1
11:46:51;1
11:46:52;1
11:46:56;1
11:46:56;1
11:46:59;1
11:46:59;1
11:47:0;1
11:47:0;1
11:47:1;1
11:47:3;1
11:47:4;1
11:47:4;1
11:47:4;1
11:47:5;1
11:47:6;1
11:47:6;1
11:47:9;1
11:47:9;1
11:47:10;1
11:47:15;1
11:47:15;1
11:47:16;1
11:47:16;1
11:47:17;1
11:47:17;1
11:47:19;1
11:47:20;1
11:47:21;1
11:47:21;1
11:47:24;1
11:47:27;1
11:47:28;1
11:47:29;1
11:47:29;1
11:47:30;1
11:47:35;1
11:47:37;1
11:47:37;1
11:47:37;1
11:47:40;1
11:47:41;1
11:47:43;1
11:47:47;1
11:47:48;1
11:47:51;1
11:47:52;1
11:47:57;1
11:47:57;1
11:47:58;1
11:47:58;1
11:47:59;1
11:48:3;1
11:48:4;1
11:48:7;1
11:48:9;1
11:48:9;1
11:48:9;1
11:48:9;1
11:48:10;1
11:48:10;1
11:48:10;1
11:48:12;1
11:48:18;1
11:48:18;1
11:48:20;1
11:48:20;1
11:48:20;1
11:48:22;1
11:48:22;1
11:48:24;1
11:48:25;1
11:48:26;1
11:48:28;1
11:48:28;1
11:48:30;1
11:48:31;1
11:48:31;1
11:48:32;1
11:48:34;1
11:48:35;1
11:48:35;1
11:48:38;1
11:48:38;1
11:48:39;1
11:48:39;1
11:48:41;1
11:48:41;1
11:48:42;1
11:48:43;1
11:48:46;1
11:48:49;1
11:48:50;1
11:48:50;1
11:48:51;1
11:48:51;1
11:48:51;1
11:48:51;1
11:48:52;1
11:48:52;1
11:48:53;1
11:48:56;1
11:48:58;1
11:48:59;1
11:49:2;1
11:49:3;1
11:49:3;1
11:49:6;1
11:49:8;1
11:49:9;1
11:49:9;1
11:49:11;1
11:49:12;1
11:49:12;1
11:49:13;1
11:49:14;1
11:49:15;1
11:49:15;1
11:49:16;1
11:49:18;1
11:49:19;1
11:49:20;1
11:49:21;1
11:49:21;1
11:49:21;1
11:49:21;1
11:49:22;1
11:49:26;1
11:49:28;1
11:49:30;1
11:49:31;1
11:49:31;1
11:49:31;1
11:49:32;1
11:49:33;1
11:49:33;1
11:49:33;1
11:49:35;1
11:49:35;1
11:49:37;1
11:49:38;1
11:49:40;1
11:49:40;1
11:49:41;1
11:49:42;1
11:49:42;1
11:49:42;1
11:49:42;1
11:49:44;1
11:49:44;1
11:49:45;1
11:49:50;1
11:49:52;1
11:49:52;1
11:49:54;1
11:49:54;1
11:49:56;1
11:49:58;1
11:49:59;1
11:50:0;1
11:50:1;1
11:50:3;1
11:50:3;1
11:50:4;1
11:50:6;1
11:50:6;1
11:50:8;1
11:50:10;1
11:50:12;1
11:50:12;1
11:50:13;1
11:50:13;1
11:50:14;1
11:50:15;1
11:50:15;1
11:50:16;1
11:50:16;1
11:50:17;1
11:50:19;1
11:50:20;1
11:50:20;1
11:50:22;1
11:50:22;1
11:50:22;1
11:50:26;1
11:50:26;1
11:50:30;1
11:50:32;1
11:50:32;1
11:50:34;1
11:50:34;1
11:50:34;1
11:50:35;1
11:50:37;1
11:50:39;1
11:50:42;1
11:50:42;1
11:50:43;1
11:50:43;1
11:50:45;1
11:50:49;1
11:50:49;1
11:50:50;1
11:50:51;1
11:50:51;1
11:50:53;1
11:50:53;1
11:50:53;1
11:50:53;1
11:50:54;1
11:50:54;1
11:50:55;1
11:50:57;1
11:50:58;1
11:51:2;1
11:51:3;1
11:51:5;1
11:51:5;1
11:51:6;1
11:51:6;1
11:51:7;1
11:51:8;1
11:51:10;1
11:51:10;1
11:51:10;1
11:51:13;1
11:51:14;1
11:51:14;1
11:51:14;1
11:51:14;1
11:51:16;1
11:51:16;1
11:51:19;1
11:51:19;1
11:51:20;1
11:51:22;1
11:51:22;1
11:51:22;1
11:51:23;1
11:51:24;1
11:51:24;1
11:51:27;1
11:51:30;1
11:51:32;1
11:51:32;1
11:51:32;1
11:51:33;1
11:51:34;1
11:51:35;1
11:51:36;1
11:51:42;1
11:51:46;1
11:51:47;1
11:51:47;1
11:51:49;1
11:51:51;1
11:51:53;1
11:51:53;1
11:51:53;1
11:51:54;1
11:51:54;1
11:51:54;1
11:51:55;1
11:51:56;1
11:51:56;1
11:51:57;1
11:51:59;1
11:51:59;1
11:52:3;1
11:52:7;1
11:52:7;1
11:52:7;1
11:52:9;1
11:52:11;1
11:52:16;1
11:52:17;1
11:52:17;1
11:52:17;1
11:52:17;1
11:52:19;1
11:52:21;1
11:52:22;1
11:52:23;1
11:52:23;1
11:52:23;1
11:52:24;1
11:52:25;1
11:52:26;1
11:52:26;1
11:52:27;1
11:52:27;1
11:52:27;1
11:52:27;1
11:52:28;1
11:52:29;1
11:52:32;1
11:52:32;1
11:52:33;1
11:52:33;1
11:52:34;1
11:52:35;1
11:52:36;1
11:52:38;1
11:52:38;1
11:52:41;1
11:52:42;1
11:52:47;1
11:52:47;1
11:52:47;1
11:52:48;1
11:52:48;1
11:52:48;1
11:52:49;1
11:52:51;1
11:52:53;1
11:52:53;1
11:52:54;1
11:52:55;1
11:52:55;1
11:52:56;1
11:52:57;1
11:52:58;1
11:52:59;1
11:53:1;1
11:53:1;1
11:53:3;1
11:53:4;1
11:53:6;1
11:53:8;1
11:53:9;1
11:53:9;1
11:53:9;1
11:53:14;1
11:53:14;1
11:53:16;1
11:53:18;1
11:53:19;1
11:53:19;1
11:53:19;1
11:53:19;1
11:53:20;1
11:53:21;1
11:53:26;1
11:53:27;1
11:53:28;1
11:53:28;1
11:53:28;1
11:53:29;1
11:53:29;1
11:53:29;1
11:53:30;1
11:53:34;1
11:53:35;1
11:53:36;1
11:53:37;1
11:53:38;1
11:53:39;1
11:53:39;1
11:53:39;1
11:53:40;1
11:53:43;1
11:53:47;1
11:53:48;1
11:53:49;1
11:53:49;1
11:53:49;1
11:53:50;1
11:53:50;1
11:53:53;1
11:53:55;1
11:53:55;1
11:53:57;1
11:53:58;1
11:54:0;1
11:54:0;1
11:54:1;1
11:54:3;1
11:54:3;1
11:54:4;1
11:54:4;1
11:54:7;1
11:54:7;1
11:54:8;1
11:54:9;1
11:54:10;1
11:54:11;1
11:54:11;1
11:54:12;1
11:54:12;1
11:54:15;1
11:54:16;1
11:54:17;1
11:54:18;1
11:54:18;1
11:54:19;1
11:54:20;1
11:54:20;1
11:54:22;1
11:54:22;1
11:54:22;1
11:54:23;1
11:54:24;1
11:54:24;1
11:54:27;1
11:54:29;1
11:54:30;1
11:54:32;1
11:54:32;1
11:54:32;1
11:54:35;1
11:54:35;1
11:54:36;1
11:54:36;1
11:54:36;1
11:54:38;1
11:54:41;1
11:54:41;1
11:54:42;1
11:54:42;1
11:54:42;1
11:54:42;1
11:54:44;1
11:54:49;1
11:54:49;1
11:54:51;1
11:54:53;1
11:54:54;1
11:54:56;1
11:54:56;1
11:55:0;1
11:55:1;1
11:55:1;1
11:55:2;1
11:55:3;1
11:55:4;1
11:55:5;1
11:55:6;1
11:55:6;1
11:55:6;1
11:55:7;1
11:55:8;1
11:55:10;1
11:55:10;1
11:55:11;1
11:55:11;1
11:55:12;1
11:55:12;1
11:55:13;1
11:55:13;1
11:55:13;1
11:55:14;1
11:55:16;1
11:55:20;1
11:55:23;1
11:55:23;1
11:55:26;1
11:55:27;1
11:55:30;1
11:55:30;1
11:55:33;1
11:55:34;1
11:55:36;1
11:55:36;1
11:55:39;1
11:55:41;1
11:55:43;1
11:55:43;1
11:55:43;1
11:55:43;1
11:55:44;1
11:55:44;1
11:55:44;1
11:55:44;1
11:55:45;1
11:55:51;1
11:55:51;1
11:55:52;1
11:55:53;1
11:55:54;1
11:55:54;1
11:55:54;1
11:55:54;1
11:55:54;1
11:55:54;1
11:55:54;1
11:55:56;1
11:55:59;1
11:56:1;1
11:56:1;1
11:56:1;1
11:56:2;1
11:56:5;1
11:56:5;1
11:56:5;1
11:56:8;1
11:56:9;1
11:56:10;1
11:56:11;1
11:56:15;1
11:56:15;1
11:56:15;1
11:56:17;1
11:56:18;1
11:56:21;1
11:56:21;1
11:56:23;1
11:56:23;1
11:56:25;1
11:56:25;1
11:56:26;1
11:56:28;1
11:56:28;1
11:56:28;1
11:56:28;1
11:56:30;1
11:56:31;1
11:56:32;1
11:56:32;1
11:56:33;1
11:56:35;1
11:56:35;1
11:56:36;1
11:56:36;1
11:56:36;1
11:56:36;1
11:56:38;1
11:56:46;1
11:56:46;1
11:56:46;1
11:56:48;1
11:56:48;1
11:56:49;1
11:56:50;1
11:56:57;1
11:56:57;1
11:56:57;1
11:56:57;1
11:56:57;1
11:56:58;1
11:56:58;1
11:56:59;1
11:57:1;1
11:57:2;1
11:57:3;1
11:57:5;1
11:57:5;1
11:57:6;1
11:57:8;1
11:57:10;1
11:57:10;1
11:57:10;1
11:57:12;1
11:57:12;1
11:57:14;1
11:57:14;1
11:57:16;1
11:57:18;1
11:57:20;1
11:57:20;1
11:57:22;1
11:57:22;1
11:57:25;1
11:57:25;1
11:57:26;1
11:57:26;1
11:57:28;1
11:57:28;1
11:57:32;1
11:57:37;1
11:57:38;1
11:57:38;1
11:57:40;1
11:57:43;1
11:57:44;1
11:57:47;1
11:57:47;1
11:57:48;1
11:57:48;1
11:57:49;1
11:57:51;1
11:57:51;1
11:57:52;1
11:57:53;1
11:57:55;1
11:57:56;1
11:57:57;1
11:57:57;1
11:57:59;1
11:57:59;1
11:58:1;1
11:58:2;1
11:58:2;1
11:58:3;1
11:58:4;1
11:58:6;1
11:58:7;1
11:58:7;1
11:58:8;1
11:58:9;1
11:58:9;1
11:58:9;1
11:58:13;1
11:58:14;1
11:58:15;1
11:58:15;1
11:58:15;1
11:58:16;1
11:58:16;1
11:58:19;1
11:58:20;1
11:58:21;1
11:58:21;1
11:58:24;1
11:58:24;1
11:58:25;1
11:58:26;1
11:58:28;1
11:58:29;1
11:58:29;1
11:58:31;1
11:58:31;1
11:58:32;1
11:58:34;1
11:58:39;1
11:58:40;1
11:58:40;1
11:58:41;1
11:58:41;1
11:58:41;1
11:58:41;1
11:58:41;1
11:58:43;1
11:58:43;1
11:58:46;1
11:58:46;1
11:58:48;1
11:58:48;1
11:58:48;1
11:58:49;1
11:58:49;1
11:58:50;1
11:58:50;1
11:58:50;1
11:58:50;1
11:58:51;1
11:58:51;1
11:58:52;1
11:58:53;1
11:58:56;1
11:58:58;1
11:58:58;1
11:59:0;1
11:59:1;1
11:59:2;1
11:59:7;1
11:59:9;1
11:59:10;1
11:59:11;1
11:59:12;1
11:59:13;1
11:59:13;1
11:59:19;1
11:59:20;1
11:59:21;1
11:59:22;1
11:59:22;1
11:59:22;1
11:59:23;1
11:59:23;1
11:59:29;1
11:59:29;1
11:59:32;1
11:59:32;1
11:59:33;1
11:59:34;1
11:59:38;1
11:59:39;1
11:59:40;1
11:59:40;1
11:59:41;1
11:59:41;1
11:59:42;1
11:59:42;1
11:59:43;1
11:59:45;1
11:59:45;1
11:59:48;1
11:59:50;1
11:59:52;1
11:59:53;1
11:59:53;1
11:59:54;1
11:59:54;1
11:59:56;1
11:59:58;1
11:59:59;1
11:59:59;1
0:0:1;1
0:0:3;1
0:0:4;1
0:0:4;1
0:0:4;1
0:0:5;1
0:0:5;1
0:0:6;1
0:0:9;1
0:0:10;1
0:0:12;1
0:0:13;1
0:0:14;1
0:0:14;1
0:0:14;1
0:0:17;1
0:0:19;1
0:0:22;1
0:0:23;1
0:0:23;1
0:0:24;1
0:0:24;1
0:0:25;1
0:0:26;1
0:0:27;1
0:0:29;1
0:0:30;1
0:0:30;1
0:0:30;1
0:0:30;1
0:0:30;1
0:0:32;1
0:0:32;1
0:0:33;1
0:0:33;1
0:0:34;1
0:0:34;1
0:0:34;1
0:0:34;1
0:0:34;1
0:0:35;1
0:0:35;1
0:0:38;1
0:0:39;1
0:0:40;1
0:0:44;1
0:0:48;1
0:0:48;1
0:0:53;1
0:0:54;1
0:0:55;1
0:0:57;1
0:0:58;1
0:0:59;1
0:1:0;1
0:1:0;1
0:1:1;1
0:1:2;1
0:1:2;1
0:1:2;1
0:1:4;1
0:1:5;1
0:1:5;1
0:1:5;1
0:1:5;1
0:1:9;1
0:1:10;1
0:1:10;1
0:1:10;1
0:1:11;1
0:1:12;1
0:1:12;1
0:1:14;1
0:1:15;1
0:1:16;1
0:1:18;1
0:1:18;1
0:1:19;1
0:1:20;1
0:1:20;1
0:1:21;1
0:1:22;1
0:1:23;1
0:1:23;1
0:1:25;1
0:1:25;1
0:1:25;1
0:1:28;1
0:1:29;1
0:1:29;1
0:1:29;1
0:1:33;1
0:1:34;1
0:1:35;1
0:1:36;1
0:1:37;1
0:1:38;1
0:1:41;1
0:1:41;1
0:1:42;1
0:1:44;1
0:1:45;1
0:1:46;1
0:1:46;1
0:1:47;1
0:1:48;1
0:1:48;1
0:1:49;1
0:1:50;1
0:1:55;1
0:1:56;1
0:1:56;1
0:1:57;1
0:1:59;1
0:2:0;1
0:2:0;1
0:2:4;0:2:4;1
0:2:5;1
0:2:6;1
0:2:7;1
0:2:8;1
0:2:9;1
0:2:9;1
0:2:13;1
0:2:13;1
0:2:15;1
0:2:15;1
0:2:17;1
0:2:17;1
0:2:17;1
0:2:17;1
0:2:17;1
0:2:17;1
0:2:20;1
0:2:21;1
0:2:22;1
0:2:22;1
0:2:23;1
0:2:24;1
0:2:24;1
0:2:25;1
0:2:25;1
0:2:26;1
0:2:27;1
0:2:28;1
0:2:28;1
0:2:28;1
0:2:29;1
0:2:31;1
0:2:33;1
0:2:34;1
0:2:39;1
0:2:39;1
0:2:40;1
0:2:40;1
0:2:42;1
0:2:42;1
0:2:45;1
0:2:48;1
0:2:50;1
0:2:53;1
0:2:54;1
0:2:56;1
0:2:57;1
0:3:1;1
0:3:3;1
0:3:5;1
0:3:6;1
0:3:6;1
0:3:6;1
0:3:8;1
0:3:10;1
0:3:10;1
0:3:15;1
0:3:17;1
0:3:18;1
0:3:18;1
0:3:18;1
0:3:19;1
0:3:19;1
0:3:19;1
0:3:19;1
0:3:19;1
0:3:20;1
0:3:26;1
0:3:28;1
0:3:29;1
0:3:29;1
0:3:29;1
0:3:32;1
0:3:33;1
0:3:34;1
0:3:37;1
0:3:38;1
0:3:38;1
0:3:38;1
0:3:39;1
0:3:39;1
0:3:40;1
0:3:40;1
0:3:40;1
0:3:47;1
0:3:50;1
0:3:50;1
0:3:51;1
0:3:51;1
0:3:51;1
0:3:52;1
0:3:53;1
0:3:53;1
0:3:53;1
0:3:54;1
0:3:58;1
0:3:58;1
0:4:0;1
0:4:1;1
0:4:1;1
0:4:1;1
0:4:1;1
0:4:2;1
0:4:5;1
0:4:8;1
0:4:8;1
0:4:8;1
0:4:9;1
0:4:11;1
0:4:12;1
0:4:14;1
0:4:15;1
0:4:18;1
0:4:19;1
0:4:20;1
0:4:21;1
0:4:21;1
0:4:21;1
0:4:24;1
0:4:25;1
0:4:26;1
0:4:28;1
0:4:28;1
0:4:28;1
0:4:28;1
0:4:29;1
0:4:29;1
0:4:31;1
0:4:31;1
0:4:32;1
0:4:32;1
0:4:36;1
0:4:37;1
0:4:39;1
0:4:40;1
0:4:41;1
0:4:45;1
0:4:46;1
0:4:46;1
0:4:48;1
0:4:48;1
0:4:53;1
0:4:53;1
0:4:53;1
0:4:53;1
0:4:55;1
0:4:56;1
0:4:56;1
0:4:57;1
0:4:59;1
0:4:59;1
0:5:1;1
0:5:2;1
0:5:2;1
0:5:3;1
0:5:3;1
0:5:3;1
0:5:3;1
0:5:4;1
0:5:7;1
0:5:8;1
0:5:9;1
0:5:10;1
0:5:10;1
0:5:10;1
0:5:12;1
0:5:12;1
0:5:12;1
0:5:13;1
0:5:13;1
0:5:13;1
0:5:16;1
0:5:17;1
0:5:18;1
0:5:18;1
0:5:19;1
0:5:20;1
0:5:21;1
0:5:21;1
0:5:21;1
0:5:22;1
0:5:22;1
0:5:24;1
0:5:24;1
0:5:24;1
0:5:24;1
0:5:24;1
0:5:25;1
0:5:25;1
0:5:25;1
0:5:25;1
0:5:26;1
0:5:26;1
0:5:28;1
0:5:28;1
0:5:31;1
0:5:32;1
0:5:33;1
0:5:33;1
0:5:34;1
0:5:34;1
0:5:35;1
0:5:36;1
0:5:36;1
0:5:36;1
0:5:36;1
0:5:36;1
0:5:36;1
0:5:36;1
0:5:36;1
0:5:36;1
0:5:36;1
0:5:36;1
0:5:36;1
0:5:36;1
0:5:36;1
0:5:36;1
0:5:36;1
0:5:36;1
0:5:36;1
0:5:36;1
0:5:36;1
0:5:36;1
0:5:36;1
0:5:36;1
0:5:36;1
0:5:40;1
0:5:41;1
0:5:43;1
0:5:46;1
0:5:49;1
0:5:49;1
0:5:51;1
0:5:53;1
0:5:55;1
0:5:55;1
0:5:55;1
0:5:56;1
0:5:59;1
0:6:0;1
0:6:0;1
0:6:2;1
0:6:5;1
0:6:5;1
0:6:13;1
0:6:14;1
0:6:14;1
0:6:16;1
0:6:19;1
0:6:20;1
0:6:22;1
0:6:24;1
0:6:25;1
0:6:25;1
0:6:25;1
0:6:26;1
0:6:30;1
0:6:31;1
0:6:32;1
0:6:36;1
0:6:36;1
0:6:42;1
0:6:43;1
0:6:44;1
0:6:44;1
0:6:46;1
0:6:51;1
0:6:53;1
0:6:54;1
0:6:55;1
0:6:56;1
0:6:57;1
0:6:57;1
0:6:57;1
0:6:59;1
0:7:1;1
0:7:7;1
0:7:10;1
0:7:13;1
0:7:15;1
0:7:15;1
0:7:17;1
